image,session,frame,n_apples,mean_value,mean_saturation
20150919_174151_image1.png,20150919_174151,1,95,116.6315689086914,150.41307067871094
20150919_174151_image6.png,20150919_174151,6,95,116.15074920654297,150.63809204101562
20150919_174151_image11.png,20150919_174151,11,105,116.0434341430664,151.25645446777344
20150919_174151_image16.png,20150919_174151,16,96,116.04023742675781,152.20590209960938
20150919_174151_image21.png,20150919_174151,21,100,116.28377532958984,152.0469207763672
20150919_174151_image26.png,20150919_174151,26,102,120.0174789428711,148.22056579589844
20150919_174151_image31.png,20150919_174151,31,99,121.3814697265625,149.42291259765625
20150919_174151_image36.png,20150919_174151,36,94,121.5301742553711,148.9161834716797
20150919_174151_image41.png,20150919_174151,41,99,123.75454711914062,147.50527954101562
20150919_174151_image46.png,20150919_174151,46,97,122.46893310546875,150.5615692138672
20150919_174151_image51.png,20150919_174151,51,116,121.71786499023438,152.08349609375
20150919_174151_image56.png,20150919_174151,56,108,122.18409729003906,153.43609619140625
20150919_174151_image61.png,20150919_174151,61,107,124.01417541503906,151.8048553466797
20150919_174151_image66.png,20150919_174151,66,108,126.3047103881836,148.68739318847656
20150919_174151_image71.png,20150919_174151,71,101,131.5120086669922,144.1013641357422
20150919_174151_image76.png,20150919_174151,76,104,132.58914184570312,144.1765899658203
20150919_174151_image81.png,20150919_174151,81,96,132.81893920898438,141.18231201171875
20150919_174151_image86.png,20150919_174151,86,101,133.27272033691406,140.68600463867188
20150919_174151_image91.png,20150919_174151,91,105,130.27871704101562,142.9469451904297
20150919_174151_image96.png,20150919_174151,96,101,132.86830139160156,140.57232666015625
20150919_174151_image101.png,20150919_174151,101,102,132.1949005126953,140.52517700195312
20150919_174151_image106.png,20150919_174151,106,99,129.97116088867188,142.7383575439453
20150919_174151_image111.png,20150919_174151,111,114,121.86522674560547,149.409423828125
20150919_174151_image116.png,20150919_174151,116,106,121.7777328491211,150.3423614501953
20150919_174151_image121.png,20150919_174151,121,117,121.903076171875,152.93479919433594
20150919_174151_image126.png,20150919_174151,126,107,121.16931915283203,150.98358154296875
20150919_174151_image131.png,20150919_174151,131,111,116.4170150756836,154.99078369140625
20150919_174151_image136.png,20150919_174151,136,121,119.04751586914062,153.90829467773438
20150919_174151_image141.png,20150919_174151,141,119,121.96949768066406,151.74465942382812
20150919_174151_image146.png,20150919_174151,146,113,124.46015930175781,149.5671844482422
20150919_174151_image151.png,20150919_174151,151,118,125.90612030029297,151.41159057617188
20150919_174151_image156.png,20150919_174151,156,114,123.54173278808594,152.22142028808594
20150919_174151_image161.png,20150919_174151,161,123,123.83900451660156,150.5955047607422
20150919_174151_image166.png,20150919_174151,166,117,122.70855712890625,151.38087463378906
20150919_174151_image171.png,20150919_174151,171,116,126.9168930053711,148.3804931640625
20150919_174151_image176.png,20150919_174151,176,104,123.28624725341797,150.4644775390625
20150919_174151_image181.png,20150919_174151,181,101,118.95068359375,155.37815856933594
20150919_174151_image186.png,20150919_174151,186,100,117.33214569091797,155.55343627929688
20150919_174151_image191.png,20150919_174151,191,100,117.50598907470703,154.92745971679688
20150919_174151_image196.png,20150919_174151,196,98,118.47590637207031,153.80709838867188
20150919_174151_image201.png,20150919_174151,201,96,115.4414291381836,157.29058837890625
20150919_174151_image206.png,20150919_174151,206,98,113.7360610961914,159.43124389648438
20150919_174151_image211.png,20150919_174151,211,93,114.9057846069336,160.3592987060547
20150919_174151_image216.png,20150919_174151,216,94,117.74041748046875,157.6531524658203
20150919_174151_image221.png,20150919_174151,221,88,115.93107604980469,158.2860565185547
20150919_174151_image226.png,20150919_174151,226,98,120.17453002929688,154.84945678710938
20150919_174151_image231.png,20150919_174151,231,101,121.60042572021484,151.079345703125
20150919_174151_image236.png,20150919_174151,236,97,124.82543182373047,148.34707641601562
20150919_174151_image241.png,20150919_174151,241,97,124.654052734375,150.9582061767578
20150919_174151_image286.png,20150919_174151,286,94,131.1668701171875,146.23843383789062
20150919_174151_image301.png,20150919_174151,301,109,124.91802215576172,153.6836395263672
20150919_174151_image361.png,20150919_174151,361,73,123.79716491699219,145.97633361816406
20150919_174151_image381.png,20150919_174151,381,85,124.65557098388672,136.5330352783203
20150919_174151_image411.png,20150919_174151,411,84,137.563720703125,132.16256713867188
20150919_174151_image431.png,20150919_174151,431,94,128.5711212158203,138.61459350585938
20150919_174151_image471.png,20150919_174151,471,92,134.96067810058594,138.6793975830078
20150919_174151_image496.png,20150919_174151,496,81,125.4988021850586,144.667236328125
20150919_174151_image601.png,20150919_174151,601,78,122.6856460571289,149.85861206054688
20150919_174151_image621.png,20150919_174151,621,87,118.784423828125,153.35069274902344
20150919_174151_image641.png,20150919_174151,641,89,108.73583221435547,164.50062561035156
20150919_174151_image656.png,20150919_174151,656,61,118.08812713623047,159.88885498046875
20150919_174151_image676.png,20150919_174151,676,75,113.81355285644531,159.82476806640625
20150919_174151_image736.png,20150919_174151,736,66,127.73160552978516,138.3735809326172
20150919_174151_image741.png,20150919_174151,741,62,130.49569702148438,135.5701141357422
20150919_174151_image806.png,20150919_174151,806,65,123.8897933959961,146.0568084716797
20150919_174151_image856.png,20150919_174151,856,86,120.52294921875,145.73587036132812
20150919_174730_image1.png,20150919_174730,1,33,123.90621185302734,152.35841369628906
20150919_174730_image6.png,20150919_174730,6,36,123.89937591552734,152.27346801757812
20150919_174730_image11.png,20150919_174730,11,31,126.98374938964844,150.16452026367188
20150919_174730_image16.png,20150919_174730,16,30,127.98111724853516,149.62570190429688
20150919_174730_image21.png,20150919_174730,21,29,128.03062438964844,150.0906219482422
20150919_174730_image26.png,20150919_174730,26,30,128.29148864746094,149.8524932861328
20150919_174730_image31.png,20150919_174730,31,21,129.53553771972656,149.24920654296875
20150919_174730_image36.png,20150919_174730,36,17,131.0428009033203,147.35562133789062
20150919_174730_image41.png,20150919_174730,41,16,133.29786682128906,144.55191040039062
20150919_174730_image46.png,20150919_174730,46,12,131.79042053222656,145.9700927734375
20150919_174730_image51.png,20150919_174730,51,11,133.4918212890625,144.6647186279297
20150919_174730_image56.png,20150919_174730,56,5,134.53155517578125,143.88070678710938
20150919_174730_image61.png,20150919_174730,61,4,130.91123962402344,148.26339721679688
20150919_174730_image66.png,20150919_174730,66,7,128.73240661621094,149.74856567382812
20150919_174730_image71.png,20150919_174730,71,5,131.02182006835938,146.34976196289062
20150919_174730_image76.png,20150919_174730,76,4,134.29287719726562,142.390625
20150919_174730_image81.png,20150919_174730,81,4,134.93392944335938,141.24485778808594
20150919_174730_image86.png,20150919_174730,86,5,130.6040802001953,142.3750457763672
20150919_174730_image91.png,20150919_174730,91,7,132.49571228027344,140.4087677001953
20150919_174730_image96.png,20150919_174730,96,7,135.53536987304688,137.92514038085938
20150919_174730_image101.png,20150919_174730,101,8,132.0522918701172,140.97625732421875
20150919_174730_image106.png,20150919_174730,106,6,135.73988342285156,138.7584228515625
20150919_174730_image111.png,20150919_174730,111,8,133.1358184814453,141.4958038330078
20150919_174730_image116.png,20150919_174730,116,8,134.8445281982422,140.31344604492188
20150919_174730_image121.png,20150919_174730,121,8,132.8869171142578,142.10498046875
20150919_174730_image126.png,20150919_174730,126,9,135.40692138671875,139.5429229736328
20150919_174730_image131.png,20150919_174730,131,10,134.35887145996094,140.2641143798828
20150919_174730_image136.png,20150919_174730,136,11,129.67214965820312,144.1641845703125
20150919_174730_image141.png,20150919_174730,141,12,125.77486419677734,147.70706176757812
20150919_174730_image146.png,20150919_174730,146,12,129.86978149414062,144.93617248535156
20150919_174730_image151.png,20150919_174730,151,14,129.03317260742188,146.93336486816406
20150919_174730_image156.png,20150919_174730,156,11,127.74715423583984,147.7821502685547
20150919_174730_image161.png,20150919_174730,161,11,127.41060638427734,149.56068420410156
20150919_174730_image166.png,20150919_174730,166,10,126.11195373535156,150.86302185058594
20150919_174730_image171.png,20150919_174730,171,9,125.18435668945312,152.38720703125
20150919_174730_image176.png,20150919_174730,176,9,127.68340301513672,151.38999938964844
20150919_174730_image181.png,20150919_174730,181,8,130.75885009765625,149.55996704101562
20150919_174730_image186.png,20150919_174730,186,7,128.2764892578125,151.75827026367188
20150919_174730_image191.png,20150919_174730,191,8,130.51156616210938,150.74844360351562
20150919_174730_image196.png,20150919_174730,196,7,132.20550537109375,149.68954467773438
20150919_174730_image201.png,20150919_174730,201,7,131.28176879882812,151.57467651367188
20150919_174730_image206.png,20150919_174730,206,7,132.06918334960938,149.9439697265625
20150919_174730_image211.png,20150919_174730,211,9,135.44093322753906,144.2083740234375
20150919_174730_image216.png,20150919_174730,216,6,135.14280700683594,143.67938232421875
20150919_174730_image221.png,20150919_174730,221,6,135.36146545410156,141.7842254638672
20150919_174730_image226.png,20150919_174730,226,6,135.86343383789062,139.89353942871094
20150919_174730_image231.png,20150919_174730,231,4,136.3715362548828,136.78082275390625
20150919_174730_image236.png,20150919_174730,236,3,136.6102752685547,135.54798889160156
20150919_174730_image241.png,20150919_174730,241,2,132.1511688232422,137.79052734375
20150919_174730_image246.png,20150919_174730,246,1,132.65304565429688,134.74838256835938
20150919_174730_image251.png,20150919_174730,251,1,133.31578063964844,133.72811889648438
20150919_174730_image256.png,20150919_174730,256,5,133.05393981933594,133.51084899902344
20150919_174730_image261.png,20150919_174730,261,7,130.36932373046875,135.59463500976562
20150919_174730_image266.png,20150919_174730,266,14,136.49356079101562,128.83010864257812
20150919_174730_image271.png,20150919_174730,271,17,140.82899475097656,124.61669921875
20150919_174730_image276.png,20150919_174730,276,14,144.56292724609375,120.91451263427734
20150919_174730_image286.png,20150919_174730,286,16,135.4088134765625,126.63116455078125
20150919_174730_image296.png,20150919_174730,296,20,138.79058837890625,125.35730743408203
20150919_174730_image301.png,20150919_174730,301,23,133.30055236816406,129.6074981689453
20150919_174730_image306.png,20150919_174730,306,24,136.13710021972656,127.60104370117188
20150919_174730_image321.png,20150919_174730,321,32,131.35462951660156,132.6338653564453
20150919_174730_image331.png,20150919_174730,331,35,130.9835968017578,134.57553100585938
20150919_174730_image341.png,20150919_174730,341,36,129.73744201660156,136.09088134765625
20150919_174730_image351.png,20150919_174730,351,34,126.20279693603516,139.90110778808594
20150919_174730_image356.png,20150919_174730,356,40,129.92794799804688,136.075927734375
20150919_174730_image376.png,20150919_174730,376,39,130.12094116210938,136.39488220214844
20150919_174730_image386.png,20150919_174730,386,56,130.55963134765625,133.28440856933594
20150919_174730_image396.png,20150919_174730,396,47,131.96273803710938,128.91502380371094
20150919_174730_image411.png,20150919_174730,411,48,133.21139526367188,126.28059387207031
20150919_174730_image426.png,20150919_174730,426,47,130.0950927734375,128.25526428222656
20150919_174730_image436.png,20150919_174730,436,45,128.5330352783203,126.2552719116211
20150919_174730_image441.png,20150919_174730,441,49,127.27600860595703,125.7662124633789
20150919_174730_image456.png,20150919_174730,456,35,128.06027221679688,121.97331237792969
20150919_174730_image471.png,20150919_174730,471,51,133.11578369140625,116.18981170654297
20150919_174730_image486.png,20150919_174730,486,51,132.85841369628906,113.01972198486328
20150919_174730_image491.png,20150919_174730,491,66,132.4455108642578,112.70614624023438
20150919_174730_image496.png,20150919_174730,496,56,132.2517852783203,111.53466796875
20150919_174730_image506.png,20150919_174730,506,68,131.9557342529297,110.33048248291016
20150919_174730_image521.png,20150919_174730,521,70,134.8009490966797,104.62682342529297
20150919_174730_image536.png,20150919_174730,536,77,134.42352294921875,103.45547485351562
20150919_174730_image551.png,20150919_174730,551,78,138.90489196777344,101.41041564941406
20150919_174730_image566.png,20150919_174730,566,76,137.4899139404297,104.97046661376953
20150919_174730_image581.png,20150919_174730,581,79,125.99034881591797,116.17598724365234
20150919_174730_image596.png,20150919_174730,596,69,128.3623809814453,120.04473876953125
20150919_174730_image611.png,20150919_174730,611,62,132.31072998046875,120.02059173583984
20150919_174730_image631.png,20150919_174730,631,50,126.39642333984375,127.04937744140625
20150919_174730_image646.png,20150919_174730,646,44,122.90660095214844,129.7247772216797
20150919_174730_image666.png,20150919_174730,666,54,124.56732940673828,131.6333770751953
20150919_174730_image681.png,20150919_174730,681,65,125.07947540283203,133.82086181640625
20150919_174730_image701.png,20150919_174730,701,77,131.78639221191406,129.7177276611328
20150919_174730_image736.png,20150919_174730,736,76,130.84779357910156,134.32937622070312
20150919_174730_image761.png,20150919_174730,761,74,127.77124786376953,134.72210693359375
20150919_174730_image786.png,20150919_174730,786,51,125.47498321533203,140.8460693359375
20150919_174730_image811.png,20150919_174730,811,54,120.40132141113281,144.84747314453125
20150919_174730_image861.png,20150919_174730,861,74,125.74633026123047,140.6882781982422
20150919_174730_image911.png,20150919_174730,911,72,125.41323852539062,148.7793731689453
20150919_174730_image961.png,20150919_174730,961,113,137.35873413085938,137.52511596679688
20150919_174730_image1046.png,20150919_174730,1046,88,126.5203857421875,138.93576049804688
20150919_174730_image1146.png,20150919_174730,1146,107,122.53083038330078,146.6273193359375
20150919_174730_image1331.png,20150919_174730,1331,82,127.27274322509766,143.23040771484375
20150921_131234_image1.png,20150921_131234,1,72,115.89405059814453,118.87065124511719
20150921_131234_image6.png,20150921_131234,6,67,115.67654418945312,117.33404541015625
20150921_131234_image11.png,20150921_131234,11,75,114.03089141845703,115.76067352294922
20150921_131234_image16.png,20150921_131234,16,71,111.02468872070312,116.01982879638672
20150921_131234_image21.png,20150921_131234,21,68,109.98880767822266,116.31079864501953
20150921_131234_image26.png,20150921_131234,26,68,110.43596649169922,115.4884262084961
20150921_131234_image31.png,20150921_131234,31,74,111.8094482421875,119.24565887451172
20150921_131234_image36.png,20150921_131234,36,72,112.62239837646484,117.16960144042969
20150921_131234_image41.png,20150921_131234,41,73,114.1783676147461,115.24359130859375
20150921_131234_image56.png,20150921_131234,56,37,113.29927062988281,117.8709716796875
20150921_131234_image61.png,20150921_131234,61,28,111.08501434326172,122.93693542480469
20150921_131234_image66.png,20150921_131234,66,23,113.47066497802734,117.82430267333984
20150921_131234_image86.png,20150921_131234,86,35,105.96784210205078,117.2806625366211
20150921_131234_image91.png,20150921_131234,91,56,104.53205871582031,122.48951721191406
20150921_131234_image201.png,20150921_131234,201,43,106.01366424560547,105.03428649902344
20150921_131234_image206.png,20150921_131234,206,40,106.43277740478516,103.59114837646484
20150921_131234_image216.png,20150921_131234,216,51,98.29888916015625,112.53790283203125
20150921_131234_image221.png,20150921_131234,221,49,98.77851867675781,113.4093246459961
20150921_131234_image231.png,20150921_131234,231,58,106.62731170654297,108.54811096191406
20150921_131234_image236.png,20150921_131234,236,40,109.97920989990234,105.32154846191406
20150921_131234_image286.png,20150921_131234,286,60,105.62935638427734,111.97213745117188
20150921_131234_image306.png,20150921_131234,306,67,111.48054504394531,109.93153381347656
20150921_131234_image341.png,20150921_131234,341,64,103.31697082519531,109.8542251586914
20150921_131234_image361.png,20150921_131234,361,48,97.11653137207031,114.10357666015625
20150921_131234_image366.png,20150921_131234,366,45,95.65005493164062,113.12675476074219
20150921_131234_image401.png,20150921_131234,401,56,93.23299407958984,108.39897918701172
20150921_131234_image406.png,20150921_131234,406,53,95.71945190429688,104.82810974121094
20150921_131234_image416.png,20150921_131234,416,51,92.35523986816406,106.15290069580078
20150921_131234_image451.png,20150921_131234,451,61,82.72154235839844,113.13357543945312
20150921_131234_image456.png,20150921_131234,456,65,82.97637939453125,110.10850524902344
20150921_131234_image461.png,20150921_131234,461,60,86.93695831298828,106.87757110595703
20150921_131234_image476.png,20150921_131234,476,63,85.51016235351562,102.19036102294922
20150921_131234_image481.png,20150921_131234,481,55,81.1899642944336,108.2623291015625
20150921_131234_image486.png,20150921_131234,486,49,81.37249755859375,103.5047378540039
20150921_131234_image536.png,20150921_131234,536,18,75.54191589355469,99.68045043945312
20150921_131234_image541.png,20150921_131234,541,13,72.64371490478516,104.04121398925781
20150921_131234_image546.png,20150921_131234,546,10,66.99724578857422,102.62706756591797
20150921_131234_image551.png,20150921_131234,551,10,69.4543685913086,99.40543365478516
20150921_131234_image556.png,20150921_131234,556,9,74.04522705078125,97.43128967285156
20150921_131234_image561.png,20150921_131234,561,8,81.21952056884766,94.76593780517578
20150921_131234_image566.png,20150921_131234,566,7,83.59809112548828,93.56816101074219
20150921_131234_image571.png,20150921_131234,571,14,91.07123565673828,92.49644470214844
20150921_131234_image576.png,20150921_131234,576,15,95.54421997070312,91.69475555419922
20150921_131234_image581.png,20150921_131234,581,12,106.35701751708984,85.54869842529297
20150921_131234_image586.png,20150921_131234,586,10,108.49581909179688,84.79743194580078
20150921_131234_image591.png,20150921_131234,591,10,109.45542907714844,82.70817565917969
20150921_131234_image596.png,20150921_131234,596,13,109.85489654541016,81.19517517089844
20150921_131234_image626.png,20150921_131234,626,10,108.15857696533203,91.3463363647461
20150921_131234_image631.png,20150921_131234,631,11,107.05450439453125,93.86228942871094
20150921_131234_image636.png,20150921_131234,636,8,107.99797058105469,94.52326965332031
20150921_131234_image641.png,20150921_131234,641,10,110.54058074951172,92.0230712890625
20150921_131234_image646.png,20150921_131234,646,10,109.11019134521484,93.7640380859375
20150921_131234_image651.png,20150921_131234,651,11,108.2245101928711,94.8021469116211
20150921_131234_image656.png,20150921_131234,656,9,108.32290649414062,94.72870635986328
20150921_131234_image661.png,20150921_131234,661,6,106.87545776367188,96.11664581298828
20150921_131234_image666.png,20150921_131234,666,8,109.77855682373047,91.95384216308594
20150921_131234_image676.png,20150921_131234,676,11,103.87350463867188,94.48128509521484
20150921_131234_image681.png,20150921_131234,681,9,103.98004913330078,97.93574523925781
20150921_131234_image686.png,20150921_131234,686,5,101.7730712890625,100.9171371459961
20150921_131346_image1.png,20150921_131346,1,67,120.2651596069336,113.70880126953125
20150921_131346_image6.png,20150921_131346,6,58,120.62838745117188,112.26724243164062
20150921_131346_image11.png,20150921_131346,11,59,119.38104248046875,111.79899597167969
20150921_131346_image16.png,20150921_131346,16,58,119.03662872314453,111.2220458984375
20150921_131346_image21.png,20150921_131346,21,58,121.33257293701172,110.37322998046875
20150921_131346_image26.png,20150921_131346,26,57,124.3578109741211,110.16901397705078
20150921_131346_image31.png,20150921_131346,31,57,124.53003692626953,113.52119445800781
20150921_131346_image36.png,20150921_131346,36,58,125.24250793457031,113.21463775634766
20150921_131346_image41.png,20150921_131346,41,60,127.38690948486328,114.05712127685547
20150921_131346_image51.png,20150921_131346,51,66,129.99636840820312,120.18712615966797
20150921_131346_image56.png,20150921_131346,56,60,130.86065673828125,121.76229095458984
20150921_131346_image81.png,20150921_131346,81,18,119.5100326538086,124.9674301147461
20150921_131346_image146.png,20150921_131346,146,50,110.70963287353516,119.82537078857422
20150921_131346_image151.png,20150921_131346,151,67,116.2297134399414,121.2610092163086
20150921_131346_image211.png,20150921_131346,211,57,98.34606170654297,120.88824462890625
20150921_131346_image226.png,20150921_131346,226,54,98.77526092529297,118.31881713867188
20150921_131346_image256.png,20150921_131346,256,43,112.47460174560547,119.34783935546875
20150921_131346_image276.png,20150921_131346,276,42,121.39469909667969,119.7489242553711
20150921_131346_image281.png,20150921_131346,281,45,116.28678131103516,122.39656066894531
20150921_131346_image311.png,20150921_131346,311,47,98.74874877929688,123.9438247680664
20150921_131346_image316.png,20150921_131346,316,45,100.88636779785156,122.01818084716797
20150921_131346_image341.png,20150921_131346,341,54,101.42748260498047,121.6871337890625
20150921_131346_image386.png,20150921_131346,386,48,114.21107482910156,108.82234191894531
20150921_131346_image406.png,20150921_131346,406,55,103.7353286743164,113.221923828125
20150921_131346_image411.png,20150921_131346,411,68,102.72148132324219,115.43791961669922
20150921_131346_image496.png,20150921_131346,496,80,105.54549407958984,110.29705047607422
20150921_131346_image541.png,20150921_131346,541,50,107.1632308959961,109.50322723388672
20150921_131346_image596.png,20150921_131346,596,25,98.94940185546875,114.50970458984375
20150921_131346_image601.png,20150921_131346,601,24,99.56522369384766,119.00836181640625
20150921_131346_image621.png,20150921_131346,621,45,91.590576171875,110.60576629638672
20150921_131346_image631.png,20150921_131346,631,65,98.3885726928711,103.67610931396484
20150921_131346_image701.png,20150921_131346,701,67,120.02928161621094,119.58562469482422
20150921_131346_image706.png,20150921_131346,706,68,120.32844543457031,118.76535034179688
20150921_131346_image711.png,20150921_131346,711,64,116.18441009521484,118.52098846435547
20150921_131346_image721.png,20150921_131346,721,70,115.62088775634766,123.80365753173828
20150921_131346_image736.png,20150921_131346,736,71,128.79090881347656,120.48320007324219
20150921_131346_image756.png,20150921_131346,756,61,100.520263671875,126.26805877685547
20150921_131346_image776.png,20150921_131346,776,59,86.41840362548828,125.43592834472656
20150921_131346_image786.png,20150921_131346,786,50,90.97911834716797,125.76734924316406
20150921_131346_image816.png,20150921_131346,816,24,95.32036590576172,113.29444122314453
20150921_131346_image821.png,20150921_131346,821,22,98.37861633300781,110.12041473388672
20150921_131346_image831.png,20150921_131346,831,23,111.09300231933594,100.27182006835938
20150921_131346_image841.png,20150921_131346,841,32,115.82817840576172,100.08415985107422
20150921_131346_image846.png,20150921_131346,846,23,115.82749938964844,100.79476928710938
20150921_131346_image851.png,20150921_131346,851,26,117.69915008544922,102.39479064941406
20150921_131346_image856.png,20150921_131346,856,23,115.3644790649414,104.73013305664062
20150921_131346_image876.png,20150921_131346,876,37,117.57138061523438,108.75694274902344
20150921_131346_image881.png,20150921_131346,881,29,113.5018310546875,111.59390258789062
20150921_131346_image891.png,20150921_131346,891,27,89.8195571899414,113.3605728149414
20150921_131346_image906.png,20150921_131346,906,24,90.4498062133789,124.26106262207031
20150921_131346_image911.png,20150921_131346,911,23,90.82534790039062,123.66350555419922
20150921_131346_image926.png,20150921_131346,926,11,92.11156463623047,111.70161437988281
20150921_131346_image931.png,20150921_131346,931,13,98.33833312988281,106.64423370361328
20150921_131346_image936.png,20150921_131346,936,7,106.05949401855469,103.70761108398438
20150921_131346_image941.png,20150921_131346,941,9,110.04507446289062,102.1316146850586
20150921_131346_image946.png,20150921_131346,946,6,111.79954528808594,100.60737609863281
20150921_131346_image951.png,20150921_131346,951,8,115.25108337402344,98.49187469482422
20150921_131346_image956.png,20150921_131346,956,7,117.73173522949219,97.8394775390625
20150921_131346_image961.png,20150921_131346,961,6,116.30590057373047,97.97207641601562
20150921_131346_image966.png,20150921_131346,966,5,115.36878204345703,97.89251708984375
20150921_131346_image971.png,20150921_131346,971,4,115.94928741455078,98.3480224609375
20150921_131346_image976.png,20150921_131346,976,5,114.93145751953125,99.92535400390625
20150921_131346_image981.png,20150921_131346,981,6,114.84201049804688,102.06613159179688
20150921_131346_image986.png,20150921_131346,986,6,116.59607696533203,102.40638732910156
20150921_131346_image991.png,20150921_131346,991,5,115.33635711669922,105.12879180908203
20150921_131346_image996.png,20150921_131346,996,5,115.96296691894531,103.71281433105469
20150921_131346_image1001.png,20150921_131346,1001,4,115.29774475097656,104.90371704101562
20150921_131346_image1006.png,20150921_131346,1006,4,112.33885192871094,107.49761962890625
20150921_131346_image1011.png,20150921_131346,1011,4,111.26177215576172,108.26876831054688
20150921_131346_image1016.png,20150921_131346,1016,4,110.1108627319336,110.06420135498047
20150921_131346_image1021.png,20150921_131346,1021,5,112.26878356933594,113.89251708984375
20150921_131346_image1026.png,20150921_131346,1026,4,112.71963500976562,112.35218811035156
20150921_131346_image1031.png,20150921_131346,1031,3,112.77692413330078,111.21732330322266
20150921_131346_image1036.png,20150921_131346,1036,4,117.09764099121094,109.24856567382812
20150921_131346_image1041.png,20150921_131346,1041,4,117.8124008178711,108.25325012207031
20150921_131346_image1046.png,20150921_131346,1046,4,119.80449676513672,107.70569610595703
20150921_131346_image1051.png,20150921_131346,1051,3,124.85903930664062,110.17599487304688
20150921_131346_image1056.png,20150921_131346,1056,4,119.89275360107422,110.5313949584961
20150921_131346_image1061.png,20150921_131346,1061,4,103.6247329711914,119.18391418457031
20150921_131346_image1066.png,20150921_131346,1066,5,89.99844360351562,123.72314453125
20150921_131346_image1071.png,20150921_131346,1071,5,86.87477111816406,121.20647430419922
20150921_131346_image1081.png,20150921_131346,1081,3,84.29991149902344,114.53330993652344
20150921_131346_image1121.png,20150921_131346,1121,14,101.12201690673828,96.9367904663086
20150921_131346_image1126.png,20150921_131346,1126,14,103.77757263183594,95.68800354003906
20150921_131346_image1131.png,20150921_131346,1131,13,106.81547546386719,95.24075317382812
20150921_131346_image1136.png,20150921_131346,1136,14,108.09626770019531,92.72264099121094
20150921_131346_image1141.png,20150921_131346,1141,13,109.07329559326172,93.75518035888672
20150921_131346_image1146.png,20150921_131346,1146,13,110.0163345336914,92.96571350097656
20150921_131453_image1.png,20150921_131453,1,71,110.260986328125,114.28411102294922
20150921_131453_image6.png,20150921_131453,6,48,109.81198120117188,112.5769271850586
20150921_131453_image11.png,20150921_131453,11,53,107.66217803955078,112.04717254638672
20150921_131453_image16.png,20150921_131453,16,54,106.21859741210938,111.9066162109375
20150921_131453_image21.png,20150921_131453,21,49,107.55872344970703,111.07976531982422
20150921_131453_image26.png,20150921_131453,26,48,110.02178955078125,108.79209899902344
20150921_131453_image31.png,20150921_131453,31,47,108.57837677001953,115.6719970703125
20150921_131453_image36.png,20150921_131453,36,47,110.01750183105469,113.9202880859375
20150921_131453_image41.png,20150921_131453,41,50,113.93931579589844,113.97831726074219
20150921_131453_image46.png,20150921_131453,46,46,116.02175903320312,113.09786224365234
20150921_131453_image66.png,20150921_131453,66,35,106.1370849609375,118.0311050415039
20150921_131453_image76.png,20150921_131453,76,34,106.13470458984375,115.18330383300781
20150921_131453_image81.png,20150921_131453,81,35,106.56950378417969,113.87982940673828
20150921_131453_image86.png,20150921_131453,86,36,107.22803497314453,113.55023956298828
20150921_131453_image96.png,20150921_131453,96,38,98.95783996582031,118.35319519042969
20150921_131453_image101.png,20150921_131453,101,47,100.83421325683594,115.9444808959961
20150921_131453_image106.png,20150921_131453,106,40,100.21662139892578,114.93450164794922
20150921_131453_image171.png,20150921_131453,171,43,96.78154754638672,107.01513671875
20150921_131453_image176.png,20150921_131453,176,46,95.9347915649414,104.97151947021484
20150921_131453_image181.png,20150921_131453,181,50,92.48731231689453,110.80847930908203
20150921_131453_image186.png,20150921_131453,186,52,91.17633819580078,108.28981018066406
20150921_131453_image196.png,20150921_131453,196,55,100.00149536132812,103.18579864501953
20150921_131453_image201.png,20150921_131453,201,63,109.50300598144531,103.32491302490234
20150921_131453_image211.png,20150921_131453,211,58,119.52470397949219,114.67284393310547
20150921_131453_image221.png,20150921_131453,221,48,99.064697265625,115.59414672851562
20150921_131453_image231.png,20150921_131453,231,47,95.4057846069336,114.0571060180664
20150921_131453_image236.png,20150921_131453,236,46,94.9700698852539,113.02833557128906
20150921_131453_image251.png,20150921_131453,251,37,94.34619140625,111.79708099365234
20150921_131453_image281.png,20150921_131453,281,40,99.902587890625,111.52489471435547
20150921_131453_image391.png,20150921_131453,391,82,96.85265350341797,110.99574279785156
20150921_131453_image401.png,20150921_131453,401,93,92.16636657714844,104.55189514160156
20150921_131453_image601.png,20150921_131453,601,35,126.89757537841797,119.19194793701172
20150921_131453_image611.png,20150921_131453,611,21,122.15621185302734,117.38724517822266
20150921_131453_image626.png,20150921_131453,626,16,115.31541442871094,118.46565246582031
20150921_131453_image631.png,20150921_131453,631,18,112.89788055419922,122.85963439941406
20150921_131453_image636.png,20150921_131453,636,16,114.96619415283203,119.34683990478516
20150921_131453_image641.png,20150921_131453,641,20,112.42032623291016,119.45018768310547
20150921_131453_image646.png,20150921_131453,646,21,110.66596984863281,119.21983337402344
20150921_131453_image651.png,20150921_131453,651,29,113.7319107055664,113.6600341796875
20150921_131453_image661.png,20150921_131453,661,31,112.50489807128906,116.66254425048828
20150921_131453_image666.png,20150921_131453,666,23,113.50605773925781,112.73323822021484
20150921_131453_image671.png,20150921_131453,671,19,117.33644104003906,112.47468566894531
20150921_131453_image676.png,20150921_131453,676,30,114.40496826171875,112.21025848388672
20150921_131453_image681.png,20150921_131453,681,34,110.77510070800781,111.62545013427734
20150921_131453_image686.png,20150921_131453,686,33,111.52754974365234,111.06539154052734
20150921_131453_image691.png,20150921_131453,691,30,119.23196411132812,116.34597778320312
20150921_131453_image701.png,20150921_131453,701,27,128.0978240966797,115.45482635498047
20150921_131453_image711.png,20150921_131453,711,26,136.63465881347656,118.96395874023438
20150921_131453_image721.png,20150921_131453,721,29,133.66650390625,126.55391693115234
20150921_131453_image731.png,20150921_131453,731,30,127.22313690185547,123.42903900146484
20150921_131453_image746.png,20150921_131453,746,54,104.4975357055664,119.63579559326172
20150921_131453_image801.png,20150921_131453,801,70,134.8942413330078,125.89576721191406
20150921_131453_image831.png,20150921_131453,831,54,115.16387939453125,129.6373291015625
20150921_131453_image841.png,20150921_131453,841,54,109.77621459960938,128.8582000732422
20150921_131453_image891.png,20150921_131453,891,58,122.54806518554688,117.9498291015625
20150921_131453_image936.png,20150921_131453,936,44,124.08322143554688,131.5101776123047
20150921_131453_image946.png,20150921_131453,946,44,122.8787841796875,128.64608764648438
20150921_131453_image951.png,20150921_131453,951,54,126.00527954101562,128.11895751953125
20150921_131453_image966.png,20150921_131453,966,43,132.55076599121094,129.0620880126953
20150921_131453_image986.png,20150921_131453,986,46,113.58626556396484,129.61427307128906
20150921_131453_image991.png,20150921_131453,991,57,114.17142486572266,131.45211791992188
20150921_131453_image996.png,20150921_131453,996,57,114.53057861328125,128.04029846191406
20150921_131453_image1021.png,20150921_131453,1021,64,105.4185562133789,123.56403350830078
20150921_131453_image1056.png,20150921_131453,1056,56,112.71624755859375,122.69488525390625
20150921_131453_image1066.png,20150921_131453,1066,39,124.21876525878906,120.19454193115234
20150921_131453_image1071.png,20150921_131453,1071,30,128.1488800048828,121.32152557373047
20150921_131453_image1076.png,20150921_131453,1076,32,124.53643035888672,123.91059112548828
20150921_131453_image1081.png,20150921_131453,1081,52,128.38316345214844,127.13157653808594
20150921_131453_image1086.png,20150921_131453,1086,45,131.26019287109375,125.57552337646484
20150921_131453_image1096.png,20150921_131453,1096,39,138.9381561279297,127.23656463623047
20150921_131453_image1101.png,20150921_131453,1101,34,135.97618103027344,129.27291870117188
20150921_131453_image1111.png,20150921_131453,1111,37,136.00672912597656,132.12283325195312
20150921_131453_image1116.png,20150921_131453,1116,35,135.48434448242188,129.4832000732422
20150921_131453_image1121.png,20150921_131453,1121,35,127.9157485961914,128.2559051513672
20150921_131453_image1126.png,20150921_131453,1126,38,118.49057006835938,126.68940734863281
20150921_131453_image1141.png,20150921_131453,1141,48,95.53243255615234,120.63544464111328
20150921_131453_image1161.png,20150921_131453,1161,47,91.64421844482422,108.20602416992188
20150921_131453_image1196.png,20150921_131453,1196,45,105.89337921142578,101.07208251953125
20150921_131453_image1201.png,20150921_131453,1201,49,108.90217590332031,102.87226867675781
20150921_131453_image1211.png,20150921_131453,1211,44,110.3078842163086,102.50418090820312
20150921_131453_image1241.png,20150921_131453,1241,52,101.32337951660156,104.77494812011719
20150921_131625_image1.png,20150921_131625,1,61,111.25005340576172,126.94644165039062
20150921_131625_image31.png,20150921_131625,31,61,118.14830017089844,119.60452270507812
20150921_131625_image76.png,20150921_131625,76,40,122.78931427001953,116.92003631591797
20150921_131625_image91.png,20150921_131625,91,39,102.6961441040039,124.91947937011719
20150921_131625_image156.png,20150921_131625,156,58,116.40164947509766,111.62899017333984
20150921_131625_image161.png,20150921_131625,161,57,119.45711517333984,113.41844940185547
20150921_131625_image186.png,20150921_131625,186,45,132.16030883789062,128.28399658203125
20150921_131625_image201.png,20150921_131625,201,47,120.30160522460938,130.68817138671875
20150921_131625_image226.png,20150921_131625,226,47,104.92172241210938,123.79981231689453
20150921_131625_image236.png,20150921_131625,236,48,104.41761016845703,122.6069107055664
20150921_131625_image271.png,20150921_131625,271,73,93.71331787109375,119.22506713867188
20150921_131625_image301.png,20150921_131625,301,93,117.72399139404297,120.08211517333984
20150921_131625_image306.png,20150921_131625,306,87,114.7127456665039,119.28766632080078
20150921_131625_image336.png,20150921_131625,336,96,96.96734619140625,115.63550567626953
20150921_131625_image361.png,20150921_131625,361,100,97.32378387451172,116.35303497314453
20150921_131625_image441.png,20150921_131625,441,78,116.72679901123047,97.14041900634766
20150921_131625_image471.png,20150921_131625,471,92,133.16180419921875,96.12308502197266
20150921_131625_image501.png,20150921_131625,501,103,128.87252807617188,117.70093536376953
20150921_131625_image511.png,20150921_131625,511,98,108.80464935302734,123.05426788330078
20150921_131625_image546.png,20150921_131625,546,98,110.46053314208984,126.66320037841797
20150921_131625_image636.png,20150921_131625,636,46,135.905517578125,129.5256805419922
20150921_131625_image641.png,20150921_131625,641,43,133.7843475341797,129.87432861328125
20150921_131625_image646.png,20150921_131625,646,39,126.80091094970703,131.92428588867188
20150921_131625_image651.png,20150921_131625,651,37,119.71939849853516,132.88449096679688
20150921_131625_image656.png,20150921_131625,656,36,118.74647521972656,132.75796508789062
20150921_131625_image661.png,20150921_131625,661,32,117.79928588867188,135.4569854736328
20150921_131625_image666.png,20150921_131625,666,30,116.70696258544922,132.33306884765625
20150921_131625_image671.png,20150921_131625,671,27,113.73126983642578,132.33526611328125
20150921_131625_image676.png,20150921_131625,676,29,112.00548553466797,129.3839874267578
20150921_131625_image681.png,20150921_131625,681,33,113.70531463623047,126.07814025878906
20150921_131625_image686.png,20150921_131625,686,37,114.9913330078125,123.51459503173828
20150921_131625_image691.png,20150921_131625,691,42,115.08109283447266,126.01924133300781
20150921_131625_image696.png,20150921_131625,696,36,114.49368286132812,123.73069763183594
20150921_131625_image701.png,20150921_131625,701,28,111.34774017333984,123.4897232055664
20150921_131625_image706.png,20150921_131625,706,27,110.28890991210938,121.36114501953125
20150921_131625_image711.png,20150921_131625,711,27,113.30305480957031,119.88027954101562
20150921_131625_image726.png,20150921_131625,726,34,102.76592254638672,120.95352172851562
20150921_131625_image746.png,20150921_131625,746,63,102.07058715820312,107.8835220336914
20150921_131625_image751.png,20150921_131625,751,63,100.6260757446289,109.79467010498047
20150921_131625_image801.png,20150921_131625,801,73,126.60376739501953,102.60552215576172
20150921_131625_image806.png,20150921_131625,806,80,125.62385559082031,104.87167358398438
20150921_131625_image851.png,20150921_131625,851,95,99.93824768066406,119.71037292480469
20150921_131625_image881.png,20150921_131625,881,81,115.56753540039062,100.41153717041016
20150921_131625_image906.png,20150921_131625,906,80,105.25940704345703,105.79341888427734
20150921_131625_image966.png,20150921_131625,966,85,114.91678619384766,110.24951934814453
20150921_131625_image1001.png,20150921_131625,1001,60,118.99528503417969,89.74138641357422
20150921_131625_image1051.png,20150921_131625,1051,53,119.08055877685547,101.20143127441406
20150921_131625_image1056.png,20150921_131625,1056,45,119.3711166381836,100.44841003417969
20150921_131625_image1091.png,20150921_131625,1091,50,112.2929916381836,106.52678680419922
20150921_131625_image1096.png,20150921_131625,1096,47,113.71102142333984,107.42544555664062
20150921_131625_image1101.png,20150921_131625,1101,50,113.48780059814453,109.34317779541016
20150921_131625_image1111.png,20150921_131625,1111,53,112.82002258300781,111.08956909179688
20150921_131729_image1.png,20150921_131729,1,11,120.04061126708984,120.86479187011719
20150921_131729_image6.png,20150921_131729,6,10,119.55896759033203,119.43363189697266
20150921_131729_image11.png,20150921_131729,11,11,119.44487762451172,118.0335693359375
20150921_131729_image21.png,20150921_131729,21,11,119.33895111083984,116.42072296142578
20150921_131729_image71.png,20150921_131729,71,19,116.42767333984375,117.6759033203125
20150921_131729_image116.png,20150921_131729,116,21,103.77328491210938,121.7261962890625
20150921_131729_image166.png,20150921_131729,166,10,99.73210144042969,119.93197631835938
20150921_131729_image171.png,20150921_131729,171,8,98.2985610961914,120.49364471435547
20150921_131729_image176.png,20150921_131729,176,8,98.83158111572266,120.08002471923828
20150921_131729_image251.png,20150921_131729,251,39,105.949951171875,118.3590087890625
20150921_131729_image256.png,20150921_131729,256,43,112.26380157470703,116.85498046875
20150921_131729_image281.png,20150921_131729,281,41,137.26344299316406,125.15550231933594
20150921_131729_image286.png,20150921_131729,286,41,141.4393310546875,127.34255981445312
20150921_131729_image291.png,20150921_131729,291,39,139.8022918701172,130.95257568359375
20150921_131729_image306.png,20150921_131729,306,43,129.51173400878906,136.49423217773438
20150921_131729_image311.png,20150921_131729,311,38,125.66461944580078,134.36587524414062
20150921_131729_image366.png,20150921_131729,366,38,115.12891387939453,119.0096664428711
20150921_131729_image391.png,20150921_131729,391,17,107.06584930419922,118.90825653076172
20150921_131729_image396.png,20150921_131729,396,17,98.87650299072266,118.2335205078125
20150921_131729_image421.png,20150921_131729,421,13,97.71809387207031,121.16026306152344
20150921_131729_image426.png,20150921_131729,426,14,96.62144470214844,116.09752655029297
20150921_131729_image451.png,20150921_131729,451,46,106.6595458984375,110.47261810302734
20150921_131729_image471.png,20150921_131729,471,46,120.103271484375,106.65694427490234
20150921_131729_image486.png,20150921_131729,486,45,128.88845825195312,116.5903091430664
20150921_131729_image491.png,20150921_131729,491,42,128.87496948242188,119.44711303710938
20150921_131729_image501.png,20150921_131729,501,39,131.57003784179688,123.64348602294922
20150921_131729_image551.png,20150921_131729,551,40,106.8471908569336,125.0230484008789
20150921_131729_image556.png,20150921_131729,556,34,104.01818084716797,124.855712890625
20150921_131729_image656.png,20150921_131729,656,45,101.3384017944336,118.18142700195312
20150921_131729_image661.png,20150921_131729,661,42,97.9850845336914,124.44021606445312
20150921_131729_image676.png,20150921_131729,676,46,100.943359375,116.55317687988281
20150921_131729_image771.png,20150921_131729,771,56,94.37545013427734,118.01897430419922
20150921_131729_image806.png,20150921_131729,806,48,85.33338165283203,133.40219116210938
20150921_131729_image826.png,20150921_131729,826,46,99.25862884521484,122.99394226074219
20150921_131833_image1.png,20150921_131833,1,26,131.31285095214844,132.63137817382812
20150921_131833_image6.png,20150921_131833,6,25,130.7621612548828,131.0292205810547
20150921_131833_image11.png,20150921_131833,11,27,130.3064727783203,131.0830841064453
20150921_131833_image16.png,20150921_131833,16,26,129.8689422607422,130.8126220703125
20150921_131833_image21.png,20150921_131833,21,25,128.98379516601562,130.46768188476562
20150921_131833_image26.png,20150921_131833,26,23,129.18228149414062,130.2073974609375
20150921_131833_image31.png,20150921_131833,31,26,128.594970703125,132.42649841308594
20150921_131833_image36.png,20150921_131833,36,26,129.31861877441406,131.13832092285156
20150921_131833_image41.png,20150921_131833,41,20,130.17259216308594,130.36558532714844
20150921_131833_image46.png,20150921_131833,46,23,129.804931640625,131.46253967285156
20150921_131833_image51.png,20150921_131833,51,23,127.84366607666016,131.33660888671875
20150921_131833_image56.png,20150921_131833,56,26,126.58154296875,132.44049072265625
20150921_131833_image61.png,20150921_131833,61,23,126.09738159179688,137.5546417236328
20150921_131833_image66.png,20150921_131833,66,23,127.16331481933594,135.7671661376953
20150921_131833_image71.png,20150921_131833,71,24,126.37613677978516,135.3983612060547
20150921_131833_image76.png,20150921_131833,76,23,126.56639099121094,134.53147888183594
20150921_131833_image81.png,20150921_131833,81,24,123.65914916992188,135.8841552734375
20150921_131833_image86.png,20150921_131833,86,23,121.95447540283203,135.76715087890625
20150921_131833_image91.png,20150921_131833,91,19,118.84052276611328,139.06788635253906
20150921_131833_image96.png,20150921_131833,96,22,118.04402923583984,136.1938934326172
20150921_131833_image101.png,20150921_131833,101,20,115.1575698852539,135.25961303710938
20150921_131833_image106.png,20150921_131833,106,16,119.46591186523438,131.78160095214844
20150921_131833_image111.png,20150921_131833,111,13,121.90808868408203,130.23907470703125
20150921_131833_image116.png,20150921_131833,116,11,120.30135345458984,129.21873474121094
20150921_131833_image121.png,20150921_131833,121,8,121.0003890991211,132.6771240234375
20150921_131833_image126.png,20150921_131833,126,4,122.23162841796875,128.7225341796875
20150921_131833_image131.png,20150921_131833,131,6,123.54348754882812,125.91236877441406
20150921_131833_image136.png,20150921_131833,136,7,122.20071411132812,124.34666442871094
20150921_131833_image141.png,20150921_131833,141,6,120.94407653808594,123.76016998291016
20150921_131833_image146.png,20150921_131833,146,12,119.3338623046875,121.5097427368164
20150921_131833_image151.png,20150921_131833,151,22,112.13925170898438,125.0655746459961
20150921_131833_image156.png,20150921_131833,156,30,105.45341491699219,122.28022003173828
20150921_131833_image161.png,20150921_131833,161,41,103.46501922607422,118.70792388916016
20150921_131833_image166.png,20150921_131833,166,38,105.49591827392578,116.10441589355469
20150921_131833_image171.png,20150921_131833,171,43,102.92552947998047,115.49588012695312
20150921_131833_image181.png,20150921_131833,181,45,106.655517578125,117.94461822509766
20150921_131833_image186.png,20150921_131833,186,45,109.85782623291016,112.7527084350586
20150921_131833_image191.png,20150921_131833,191,39,108.44903564453125,111.37950897216797
20150921_131833_image196.png,20150921_131833,196,40,106.33967590332031,111.86864471435547
20150921_131833_image201.png,20150921_131833,201,40,105.61993408203125,111.57145690917969
20150921_131833_image216.png,20150921_131833,216,40,107.9332046508789,109.78748321533203
20150921_131833_image221.png,20150921_131833,221,42,109.13033294677734,109.92620849609375
20150921_131833_image241.png,20150921_131833,241,51,117.02034759521484,111.79362487792969
20150921_131833_image246.png,20150921_131833,246,52,119.56216430664062,110.74018096923828
20150921_131833_image266.png,20150921_131833,266,44,119.87767028808594,112.88311004638672
20150921_131833_image271.png,20150921_131833,271,49,116.5897216796875,117.15083312988281
20150921_131833_image276.png,20150921_131833,276,48,116.62053680419922,115.11830139160156
20150921_131833_image281.png,20150921_131833,281,43,114.03253173828125,114.41241455078125
20150921_131833_image286.png,20150921_131833,286,45,110.32001495361328,116.0301742553711
20150921_131833_image296.png,20150921_131833,296,43,103.02005004882812,119.19314575195312
20150921_131833_image311.png,20150921_131833,311,39,105.73626708984375,118.08063507080078
20150921_131833_image316.png,20150921_131833,316,31,108.32266998291016,118.42745971679688
20150921_131833_image321.png,20150921_131833,321,39,111.70996856689453,116.0404052734375
20150921_131833_image326.png,20150921_131833,326,28,116.11487579345703,113.81876373291016
20150921_131833_image331.png,20150921_131833,331,26,118.59990692138672,114.59232330322266
20150921_131833_image336.png,20150921_131833,336,24,119.349365234375,111.4809799194336
20150921_131833_image341.png,20150921_131833,341,22,120.62735748291016,110.8649673461914
20150921_131833_image346.png,20150921_131833,346,29,122.51226043701172,111.17571258544922
20150921_131833_image351.png,20150921_131833,351,30,123.55045318603516,111.15563201904297
20150921_131833_image356.png,20150921_131833,356,29,124.99030303955078,113.18806457519531
20150921_131833_image366.png,20150921_131833,366,31,115.01097106933594,116.7674560546875
20150921_131833_image371.png,20150921_131833,371,41,111.76033782958984,118.50502014160156
20150921_131833_image381.png,20150921_131833,381,37,111.87519836425781,117.92948150634766
20150921_131833_image386.png,20150921_131833,386,30,115.05379486083984,115.34038543701172
20150921_131833_image391.png,20150921_131833,391,30,112.68284606933594,118.89104461669922
20150921_131833_image396.png,20150921_131833,396,32,109.59033203125,117.05441284179688
20150921_131833_image401.png,20150921_131833,401,31,108.1832046508789,116.09647369384766
20150921_131833_image406.png,20150921_131833,406,38,106.37931060791016,116.14864349365234
20150921_131833_image411.png,20150921_131833,411,39,111.3686294555664,114.11559295654297
20150921_131833_image416.png,20150921_131833,416,36,109.68201446533203,113.39893341064453
20150921_131833_image421.png,20150921_131833,421,44,109.4660415649414,115.16901397705078
20150921_131833_image431.png,20150921_131833,431,47,113.53741455078125,109.42229461669922
20150921_131833_image436.png,20150921_131833,436,45,116.20667266845703,108.13365173339844
20150921_131833_image446.png,20150921_131833,446,48,127.54206848144531,108.51146697998047
20150921_131833_image451.png,20150921_131833,451,49,124.88411712646484,114.36439514160156
20150921_131833_image466.png,20150921_131833,466,55,119.09131622314453,114.63805389404297
20150921_131833_image471.png,20150921_131833,471,56,117.28650665283203,115.77872467041016
20150921_131833_image511.png,20150921_131833,511,51,109.43682098388672,121.04354095458984
20150921_131833_image516.png,20150921_131833,516,53,110.58586120605469,119.00753784179688
20150921_131833_image521.png,20150921_131833,521,56,111.5163345336914,118.0662841796875
20150921_131833_image526.png,20150921_131833,526,56,112.07736206054688,118.12522888183594
20150921_131833_image536.png,20150921_131833,536,60,110.30498504638672,120.92571258544922
20150921_131833_image541.png,20150921_131833,541,60,109.20569610595703,125.91508483886719
20150921_131833_image546.png,20150921_131833,546,59,107.96416473388672,125.0722885131836
20150921_132038_image1.png,20150921_132038,1,29,141.89231872558594,117.37734985351562
20150921_132038_image6.png,20150921_132038,6,32,142.5623321533203,116.11705017089844
20150921_132038_image11.png,20150921_132038,11,33,142.91587829589844,116.25574493408203
20150921_132038_image16.png,20150921_132038,16,32,143.0156707763672,115.74471282958984
20150921_132038_image21.png,20150921_132038,21,30,143.17759704589844,115.05399322509766
20150921_132038_image26.png,20150921_132038,26,29,143.378173828125,114.8704605102539
20150921_132038_image31.png,20150921_132038,31,30,143.36386108398438,116.2974624633789
20150921_132038_image36.png,20150921_132038,36,30,143.90267944335938,115.42081451416016
20150921_132038_image41.png,20150921_132038,41,30,144.95034790039062,114.60835266113281
20150921_132038_image46.png,20150921_132038,46,29,144.5224609375,115.27373504638672
20150921_132038_image51.png,20150921_132038,51,30,142.11587524414062,115.99390411376953
20150921_132038_image56.png,20150921_132038,56,31,140.46681213378906,116.56575775146484
20150921_132038_image61.png,20150921_132038,61,34,137.5194854736328,119.23189544677734
20150921_132038_image66.png,20150921_132038,66,30,137.9451141357422,118.6471176147461
20150921_132038_image71.png,20150921_132038,71,45,139.0516815185547,118.01495361328125
20150921_132038_image76.png,20150921_132038,76,44,141.07144165039062,117.9198226928711
20150921_132038_image81.png,20150921_132038,81,36,143.4053497314453,118.2442398071289
20150921_132038_image86.png,20150921_132038,86,40,143.6411590576172,119.91234588623047
20150921_132038_image91.png,20150921_132038,91,41,142.3923797607422,124.17144775390625
20150921_132038_image96.png,20150921_132038,96,52,139.79197692871094,124.80081939697266
20150921_132038_image101.png,20150921_132038,101,70,138.00222778320312,123.85105895996094
20150921_132038_image106.png,20150921_132038,106,73,137.02915954589844,124.53759002685547
20150921_132038_image111.png,20150921_132038,111,76,138.27008056640625,123.61756896972656
20150921_132038_image116.png,20150921_132038,116,76,138.18740844726562,123.89715576171875
20150921_132038_image121.png,20150921_132038,121,74,139.855224609375,126.03453826904297
20150921_132038_image126.png,20150921_132038,126,70,145.28451538085938,124.87689971923828
20150921_132038_image131.png,20150921_132038,131,68,145.8936767578125,124.66287231445312
20150921_132038_image136.png,20150921_132038,136,67,143.09828186035156,124.58631896972656
20150921_132038_image141.png,20150921_132038,141,70,142.29273986816406,124.55435943603516
20150921_132038_image146.png,20150921_132038,146,76,143.62017822265625,124.53636932373047
20150921_132038_image151.png,20150921_132038,151,86,144.33984375,127.4530029296875
20150921_132038_image156.png,20150921_132038,156,71,143.37603759765625,125.99658203125
20150921_132038_image161.png,20150921_132038,161,66,140.06578063964844,124.6377944946289
20150921_132038_image166.png,20150921_132038,166,82,138.52020263671875,124.64100646972656
20150921_132038_image171.png,20150921_132038,171,66,137.92384338378906,125.02136993408203
20150921_132038_image176.png,20150921_132038,176,71,137.16017150878906,124.8972396850586
20150921_132038_image261.png,20150921_132038,261,37,148.0482940673828,121.47504425048828
20150921_132038_image266.png,20150921_132038,266,33,146.0585479736328,121.3458251953125
20150921_132038_image271.png,20150921_132038,271,37,143.91334533691406,123.16912841796875
20150921_132038_image276.png,20150921_132038,276,40,142.27737426757812,123.16090393066406
20150921_132038_image281.png,20150921_132038,281,38,145.69369506835938,121.1405029296875
20150921_132038_image286.png,20150921_132038,286,37,142.9105682373047,122.2314224243164
20150921_132038_image336.png,20150921_132038,336,39,140.4710693359375,124.4922103881836
20150921_132038_image341.png,20150921_132038,341,50,136.29556274414062,125.8960952758789
20150921_132038_image361.png,20150921_132038,361,66,136.84764099121094,129.7667694091797
20150921_132038_image391.png,20150921_132038,391,72,141.6420440673828,131.5785369873047
20150921_132038_image431.png,20150921_132038,431,62,130.05970764160156,132.13026428222656
20150921_132038_image496.png,20150921_132038,496,27,143.18418884277344,129.0343475341797
20150921_132038_image551.png,20150921_132038,551,36,143.6142120361328,125.50291442871094
20150921_132038_image636.png,20150921_132038,636,43,140.58059692382812,115.84388732910156
20150921_132038_image666.png,20150921_132038,666,30,138.10604858398438,115.01220703125
20150921_132038_image686.png,20150921_132038,686,24,139.18699645996094,115.58772277832031
20150921_132038_image796.png,20150921_132038,796,28,140.84690856933594,120.12687683105469
20150921_132038_image856.png,20150921_132038,856,15,140.28103637695312,115.42989349365234
20150921_132038_image871.png,20150921_132038,871,13,140.64292907714844,118.3628158569336
20150921_132038_image891.png,20150921_132038,891,12,145.49891662597656,113.83013916015625
20150921_132038_image896.png,20150921_132038,896,9,147.41175842285156,113.3604507446289
20150921_132038_image901.png,20150921_132038,901,7,147.5662078857422,117.1999282836914
20150921_132038_image906.png,20150921_132038,906,5,145.00949096679688,114.40740203857422
20150921_132038_image911.png,20150921_132038,911,6,148.93548583984375,113.1011962890625
20150921_132038_image916.png,20150921_132038,916,6,147.9437713623047,112.88992309570312
20150921_132038_image921.png,20150921_132038,921,10,147.804931640625,112.65453338623047
20150921_132038_image926.png,20150921_132038,926,10,148.5105438232422,112.99481201171875
20150921_132038_image931.png,20150921_132038,931,11,149.09498596191406,113.68090057373047
20150921_132038_image971.png,20150921_132038,971,16,142.1013641357422,106.55110931396484
20150921_132038_image996.png,20150921_132038,996,12,147.0581817626953,109.45260620117188
20150921_132038_image1001.png,20150921_132038,1001,15,145.72781372070312,111.41719055175781
20150921_132038_image1006.png,20150921_132038,1006,16,146.40440368652344,111.9002914428711
20150921_132038_image1011.png,20150921_132038,1011,14,145.98411560058594,109.65005493164062
20150921_132038_image1056.png,20150921_132038,1056,13,145.7050018310547,109.79168701171875
20150921_132038_image1076.png,20150921_132038,1076,13,142.4651641845703,109.62437438964844
20150921_132038_image1101.png,20150921_132038,1101,17,142.92637634277344,107.4164810180664
20150921_132038_image1161.png,20150921_132038,1161,9,138.29559326171875,111.33505249023438
20150921_132038_image1191.png,20150921_132038,1191,5,139.13328552246094,117.16199493408203
20150921_132038_image1196.png,20150921_132038,1196,8,138.0250244140625,116.91350555419922
20150921_132038_image1206.png,20150921_132038,1206,6,135.94760131835938,117.81680297851562
20150921_132038_image1241.png,20150921_132038,1241,6,141.48548889160156,116.31938171386719
20150921_132038_image1256.png,20150921_132038,1256,8,146.63282775878906,116.35741424560547
20150921_132038_image1306.png,20150921_132038,1306,11,148.64707946777344,114.58432006835938
20150921_132038_image1371.png,20150921_132038,1371,26,147.41090393066406,112.05784606933594
20150921_132038_image1386.png,20150921_132038,1386,25,146.99725341796875,111.351806640625
20150921_132038_image1441.png,20150921_132038,1441,9,150.862060546875,125.69060516357422
20150921_132038_image1446.png,20150921_132038,1446,9,150.67852783203125,122.06892395019531
20150921_132245_image1.png,20150921_132245,1,18,92.88021087646484,77.54364013671875
20150921_132245_image46.png,20150921_132245,46,13,102.24150085449219,72.00626373291016
20150921_132245_image101.png,20150921_132245,101,75,88.7739028930664,83.52639770507812
20150921_132245_image201.png,20150921_132245,201,35,112.630126953125,89.11676788330078
20150921_132245_image261.png,20150921_132245,261,32,100.32425689697266,83.57010650634766
20150921_132245_image301.png,20150921_132245,301,37,95.86831665039062,77.76008605957031
20150921_132245_image396.png,20150921_132245,396,22,109.64029693603516,89.05892944335938
20150921_132245_image401.png,20150921_132245,401,34,110.04434967041016,86.27204895019531
20150921_132245_image446.png,20150921_132245,446,30,107.2742691040039,87.31906127929688
20150921_132245_image501.png,20150921_132245,501,41,94.58381652832031,81.93305206298828
20150921_132245_image531.png,20150921_132245,531,20,98.43228149414062,81.73650360107422
20150921_132245_image601.png,20150921_132245,601,37,96.06478881835938,83.17047119140625
20150921_132245_image656.png,20150921_132245,656,9,105.34251403808594,80.27086639404297
20150921_132245_image701.png,20150921_132245,701,5,114.9749755859375,76.34859466552734
20150921_132245_image751.png,20150921_132245,751,7,118.35848999023438,84.23921203613281
20150921_132245_image786.png,20150921_132245,786,6,116.0970230102539,85.27003479003906
20150921_132245_image801.png,20150921_132245,801,8,115.47464752197266,87.60061645507812
20150921_132245_image836.png,20150921_132245,836,8,126.00312805175781,85.31893920898438
20150921_132245_image901.png,20150921_132245,901,9,109.07555389404297,86.18682098388672
20150921_132245_image976.png,20150921_132245,976,5,109.82142639160156,87.81812286376953
20150921_132245_image1001.png,20150921_132245,1001,7,110.74815368652344,82.04549407958984
20150921_132245_image1101.png,20150921_132245,1101,24,112.98775482177734,79.69783020019531
20150921_132245_image1166.png,20150921_132245,1166,22,100.70684051513672,69.12828063964844
